{"cameraMode":{"drawMode":0,"name":"Shaded","section":"Shading Mode"},"sceneLighting":true,"audioPlay":false,"sceneViewState":{"m_AlwaysRefresh":false,"showFog":true,"showSkybox":true,"showFlares":true,"showImageEffects":true,"showParticleSystems":true,"showVisualEffectGraphs":true,"m_FxEnabled":true},"in2DMode":false,"pivot":{"x":-2.9918737411499025,"y":-1.1074280738830567,"z":10.956216812133789},"rotation":{"x":0.27825406193733218,"y":-0.046086426824331287,"z":0.01336742378771305,"w":0.9593095183372498},"size":11.544995307922364,"orthographic":false}